,source,target
0,1210627806,1.565499318596952e+18
1,1210627806,1.1801339551876956e+18
2,1210627806,1.4491274462221885e+18
3,1210627806,2316443093.0
4,1210627806,1.3799827569863762e+18
5,1210627806,1.505941461480657e+18
6,1210627806,1.0687823896340644e+18
7,1210627806,1.5137075085813637e+18
8,1210627806,9.8388771738044e+17
9,1210627806,20268832.0
10,1210627806,1.463477257222062e+18
11,1210627806,976673047.0
12,1210627806,2748423062.0
13,1210627806,1.3219781915448115e+18
14,1210627806,1.1323420980893942e+18
15,1210627806,1.4054396233174057e+18
16,1210627806,3866280507.0
17,1210627806,34429391.0
18,1210627806,259155666.0
19,1210627806,398602274.0
20,1210627806,85076974.0
21,1210627806,1.1662994722315796e+18
22,1210627806,574978714.0
23,1210627806,552192443.0
24,1210627806,20919223.0
25,1210627806,277088720.0
26,1210627806,8.568022555629855e+17
27,1210627806,15300423.0
28,1210627806,1.070339476713599e+18
29,1210627806,39191489.0
30,1210627806,1.1822834376858214e+18
31,1210627806,353917446.0
32,1210627806,9.795228128126771e+17
33,1210627806,9586672.0
34,1210627806,436886807.0
35,1210627806,7.459484988272845e+17
36,1210627806,1.2890443268158054e+18
37,1210627806,8.778796269655818e+17
38,1210627806,20739133.0
39,1210627806,1.1015165093215314e+18
40,1210627806,3079178565.0
41,1210627806,7.04257242858709e+17
42,1210627806,2784464793.0
43,1210627806,27123829.0
44,1210627806,1.2609601991600701e+18
45,1210627806,98097823.0
46,1210627806,87606674.0
47,1210627806,151934168.0
48,1210627806,1.0095098522327982e+18
49,1210627806,3042487444.0
50,1210627806,24347222.0
51,1210627806,2310711649.0
52,1210627806,17883471.0
53,1210627806,1.1262071913866035e+18
54,1210627806,18831926.0
55,1210627806,3316311421.0
56,1210627806,1.0318746881742397e+18
57,1210627806,450013344.0
58,1210627806,40428645.0
59,1210627806,4876073664.0
60,1210627806,9.662479532739052e+17
61,1210627806,2334409117.0
62,1210627806,32264463.0
63,1210627806,17552387.0
64,1210627806,1.0365233495332905e+18
65,1210627806,1.1896429185474847e+18
66,1210627806,8.141697275682202e+17
67,1210627806,1.1743476960958423e+18
68,1210627806,24256031.0
69,1210627806,280669008.0
70,1210627806,8.82656680487551e+17
71,1210627806,860713615.0
72,1210627806,27150431.0
73,1210627806,37885887.0
74,1210627806,1.0667126784821412e+18
75,1210627806,8.595606710457549e+17
76,1210627806,1.0776669903560294e+18
77,1210627806,472769915.0
78,1210627806,126947049.0
79,1210627806,537219894.0
80,1210627806,8.347527070093435e+17
81,1210627806,3329411729.0
82,1210627806,3975299597.0
83,1210627806,2770252795.0
84,1210627806,1.010582265880023e+18
85,1210627806,33293133.0
86,1210627806,3166068971.0
87,1210627806,9.720696232303206e+17
88,1210627806,9.975779918435287e+17
89,1210627806,461052265.0
90,1210627806,135918180.0
91,1210627806,9.727019186391736e+17
92,1210627806,1932720145.0
93,1210627806,388889805.0
94,1210627806,347261357.0
95,1210627806,9.772245144080138e+17
96,1210627806,996054186.0
97,1210627806,2738844042.0
98,1210627806,3130627486.0
99,1210627806,12093082.0
100,1210627806,9.575608816755794e+17
101,1210627806,347715542.0
102,1210627806,3282550890.0
103,1210627806,9.295923134787748e+17
104,1210627806,166252198.0
105,1210627806,619965810.0
106,1210627806,15703186.0
107,1210627806,3234030582.0
108,1210627806,1072038426.0
109,1210627806,1325283566.0
110,1210627806,4566785009.0
111,1210627806,9.111481532308562e+17
112,1210627806,8.77134726963667e+17
113,1210627806,8.896235594247946e+17
114,1210627806,7383122.0
115,1210627806,9.126151046671606e+17
116,1210627806,29264664.0
117,1210627806,8.769477580910428e+17
118,1210627806,8.964848273477263e+17
119,1210627806,498337577.0
120,1210627806,1860704768.0
121,1210627806,134076249.0
122,1210627806,277678342.0
123,1210627806,8.681762704205701e+17
124,1210627806,8.652700891505418e+17
125,1210627806,24863440.0
126,1210627806,473080263.0
127,1210627806,95875062.0
128,1210627806,8.541656407010714e+17
129,1210627806,8.56339113590612e+17
130,1210627806,8.39534193843585e+17
131,1210627806,8.328030701153526e+17
132,1210627806,8.286885179622769e+17
133,1210627806,2599964088.0
134,1210627806,2788089996.0
135,1210627806,8.030507708537283e+17
136,1210627806,7.387343445383455e+17
137,1210627806,1087092456.0
138,1210627806,846327540.0
139,1210627806,2243723881.0
140,1210627806,3369463066.0
141,1210627806,7.420532462193418e+17
142,1210627806,7.528304381383188e+17
143,1210627806,17394758.0
144,1210627806,2270157884.0
145,1210627806,1005852372.0
146,1210627806,213228400.0
147,1210627806,7.173720529660969e+17
148,1210627806,27610139.0
149,1210627806,498261022.0
150,1210627806,3390673924.0
151,1210627806,267025516.0
152,1210627806,1600974596.0
153,1210627806,2610506869.0
154,1210627806,1133289522.0
155,1210627806,1078142305.0
156,1210627806,3317527160.0
157,1210627806,3115566864.0
158,1210627806,3973423775.0
159,1210627806,3641079799.0
160,1210627806,2505359724.0
161,1210627806,2186630257.0
162,1210627806,2255893897.0
163,1210627806,79059690.0
164,1210627806,4260827114.0
165,1210627806,202120926.0
166,1210627806,1160198826.0
167,1210627806,636575082.0
168,1210627806,2803369776.0
169,1210627806,3065929617.0
170,1210627806,547116712.0
171,1210627806,47532871.0
172,1210627806,3545503699.0
173,1210627806,2913545464.0
174,1210627806,781753796.0
175,1210627806,3664475668.0
176,1210627806,3405541642.0
177,1210627806,57008913.0
178,1210627806,3395327638.0
179,1210627806,1282907040.0
180,1210627806,1709660294.0
181,1210627806,3291122521.0
182,1210627806,607495721.0
183,1210627806,408683431.0
184,1210627806,3119752091.0
185,1210627806,251845536.0
186,1210627806,41089937.0
187,1210627806,3163772001.0
188,1210627806,2603023009.0
189,1210627806,2291628254.0
190,1210627806,3022474355.0
191,1210627806,14157179.0
192,1210627806,3021274672.0
193,1210627806,199269425.0
194,1210627806,3257105962.0
195,1210627806,2409632868.0
196,1210627806,950975052.0
197,1210627806,2838788050.0
198,1210627806,52048566.0
199,1210627806,344653120.0
200,1210627806,302503199.0
201,1210627806,359037337.0
202,1210627806,2276774694.0
203,1210627806,1262689164.0
204,1210627806,3252484209.0
205,1210627806,23745634.0
206,1210627806,234878614.0
207,1210627806,294099182.0
208,1210627806,19401910.0
209,1210627806,2320821690.0
210,1210627806,3056406404.0
211,1210627806,3131401875.0
212,1210627806,3179797695.0
213,1210627806,139111982.0
214,1210627806,2388848229.0
215,1210627806,79807769.0
216,1210627806,449605023.0
217,1210627806,3082525890.0
218,1210627806,3017370316.0
219,1210627806,42953038.0
220,1210627806,3070880843.0
221,1210627806,435516305.0
222,1210627806,67912605.0
223,1210627806,134228577.0
224,1210627806,2207541182.0
225,1210627806,291261221.0
226,1210627806,30947125.0
227,1210627806,47845399.0
228,1210627806,455451340.0
229,1210627806,378540270.0
230,1210627806,277344199.0
231,1210627806,2395605438.0
232,1210627806,69021389.0
233,1210627806,184545167.0
234,1210627806,487352746.0
235,1210627806,2605548802.0
236,1210627806,85672875.0
237,1210627806,41131859.0
238,1210627806,389982044.0
239,1210627806,2781846217.0
240,1210627806,704207840.0
241,1210627806,20923610.0
242,1210627806,24935362.0
243,1210627806,2588082086.0
244,1210627806,190767069.0
245,1210627806,703132294.0
246,1210627806,2557265432.0
247,1210627806,156737722.0
248,1210627806,2556587955.0
249,1210627806,31603680.0
250,1210627806,2527499752.0
251,1210627806,2457568392.0
252,1210627806,2175021342.0
253,1210627806,1861155800.0
254,1210627806,189162903.0
255,1210627806,993480721.0
256,1210627806,331521215.0
257,1210627806,1853302782.0
258,1210627806,231430595.0
259,1210627806,2187233760.0
260,1210627806,948831122.0
261,1210627806,2293164469.0
262,1210627806,1271678527.0
263,1210627806,909938851.0
264,1210627806,242618658.0
265,1210627806,93874520.0
266,1210627806,2161336309.0
267,1210627806,373464462.0
268,1210627806,912345692.0
269,1210627806,1688282582.0
270,1210627806,1954424725.0
271,1210627806,1415928464.0
272,1210627806,183067177.0
273,1210627806,263063623.0
274,1210627806,70225622.0
275,1210627806,806963953.0
276,1210627806,95982652.0
277,1210627806,156005263.0
278,1210627806,20682775.0
279,1210627806,318106877.0
280,1210627806,1074694838.0
281,1210627806,1135920847.0
282,1210627806,1656198288.0
283,1210627806,15396298.0
284,1210627806,18587157.0
285,1210627806,205915258.0
286,1210627806,1701978805.0
287,1210627806,3080291.0
288,1210627806,1711459278.0
289,1210627806,1713783080.0
290,1210627806,53017384.0
291,1210627806,64083835.0
292,1210627806,478936319.0
293,1210627806,921718784.0
294,1210627806,1547200250.0
295,1210627806,1551875749.0
296,1210627806,1471478042.0
297,1210627806,1637860849.0
298,1210627806,18539631.0
299,1210627806,1359743904.0
300,1210627806,921759169.0
301,1210627806,400011408.0
302,1210627806,187486429.0
303,1210627806,23834147.0
304,1210627806,137466464.0
305,1210627806,987646591.0
306,1210627806,1543314446.0
307,1210627806,872954707.0
308,1210627806,100658567.0
309,1210627806,1151539627.0
310,1210627806,16244891.0
311,1210627806,430739368.0
312,1210627806,549862794.0
313,1210627806,160134542.0
314,1210627806,633397521.0
315,1210627806,567168685.0
316,1210627806,52758395.0
317,1210627806,300521467.0
318,1210627806,62010125.0
319,1210627806,599859650.0
320,1210627806,61197041.0
321,1210627806,1029436669.0
322,1210627806,763855561.0
323,1210627806,487486521.0
324,1210627806,194344875.0
325,1210627806,1225998914.0
326,1210627806,228918750.0
327,1210627806,526876500.0
328,1210627806,16248319.0
329,1210627806,1022356584.0
330,1210627806,1471077301.0
331,1210627806,1481052996.0
332,1210627806,205541157.0
333,1210627806,272965603.0
334,1210627806,1367137064.0
335,1210627806,266898327.0
336,1210627806,53976265.0
337,1210627806,1157628397.0
338,1210627806,613430710.0
339,1210627806,1195866967.0
340,1210627806,330328197.0
341,1210627806,372262602.0
342,1210627806,846344095.0
343,1210627806,1197595104.0
344,1210627806,205821431.0
345,1210627806,570614789.0
346,1210627806,65420357.0
347,1210627806,1385388000.0
348,1210627806,22190083.0
349,1210627806,293739081.0
350,1210627806,516089058.0
351,1210627806,152585267.0
352,1210627806,1001460008.0
353,1210627806,1195829244.0
354,1210627806,1309298384.0
355,1210627806,80148955.0
356,1210627806,1339856354.0
357,1210627806,1340593538.0
358,1210627806,1153909770.0
359,1210627806,165896337.0
360,1210627806,258430354.0
361,1210627806,36129150.0
362,1210627806,613429101.0
363,1210627806,302128211.0
364,1210627806,491044079.0
365,1210627806,611649223.0
366,1210627806,314613453.0
367,1210627806,1340089105.0
368,1210627806,898176697.0
369,1210627806,169899371.0
370,1210627806,769867380.0
371,1210627806,31268972.0
372,1210627806,988897050.0
373,1210627806,7334402.0
374,1210627806,450894516.0
375,1210627806,1317061333.0
376,1210627806,17606918.0
377,1210627806,117590354.0
378,1210627806,107172480.0
379,1210627806,33098495.0
380,1210627806,614693405.0
381,1210627806,62397252.0
382,1210627806,1267982563.0
383,1210627806,86987686.0
384,1210627806,107807966.0
385,1210627806,803432274.0
386,1210627806,49409144.0
387,1210627806,591813757.0
388,1210627806,775409484.0
389,1210627806,775395090.0
390,1210627806,33098821.0
391,1210627806,1272407948.0
392,1210627806,59708490.0
393,1210627806,406489223.0
394,1210627806,108631068.0
395,1210627806,775410330.0
396,1210627806,191159103.0
397,1210627806,1224508382.0
398,1210627806,516440632.0
399,1210627806,795475314.0
400,1210627806,718831308.0
401,1210627806,416359862.0
402,1210627806,91313476.0
403,1210627806,479816451.0
404,1210627806,1245093565.0
405,1210627806,272926719.0
406,1210627806,17681513.0
407,1210627806,437653620.0
408,1210627806,203253392.0
409,1210627806,134835729.0
410,1210627806,509660165.0
411,1210627806,188500598.0
412,1210627806,600637195.0
413,1210627806,37728789.0
414,1210627806,18352761.0
415,1210627806,123231225.0
416,1210627806,1005209094.0
417,1210627806,46096376.0
418,1210627806,259873788.0
419,1210627806,166183813.0
420,1210627806,767713188.0
421,1210627806,575275357.0
422,1210627806,387341952.0
423,1210627806,16117130.0
424,1210627806,294149040.0
425,1210627806,183177218.0
426,1210627806,275675429.0
427,1210627806,426664737.0
428,1210627806,125319989.0
429,1210627806,19396614.0
430,1210627806,244101096.0
431,1210627806,49223585.0
432,1210627806,1117043418.0
433,1210627806,66973788.0
434,1210627806,544466882.0
435,1210627806,506201323.0
436,1210627806,775404703.0
437,1210627806,297168625.0
438,1210627806,20623777.0
439,1210627806,1201720580.0
440,1210627806,775410684.0
441,1210627806,326352942.0
442,1210627806,1158863569.0
443,1210627806,76348185.0
444,1210627806,45436858.0
0,1565499318596952065,1.3857196895784878e+18
1,1565499318596952065,1.548684132188037e+18
2,1565499318596952065,172393613.0
3,1565499318596952065,1.5652737639097344e+18
4,1565499318596952065,1.5421775262225695e+18
5,1565499318596952065,1.4264606326652355e+18
6,1565499318596952065,1.5041584949871002e+18
7,1565499318596952065,1.1540323260299305e+18
8,1565499318596952065,1.5421625065457582e+18
9,1565499318596952065,1.4661083426701844e+18
10,1565499318596952065,1.5703478372458496e+18
11,1565499318596952065,44976280.0
12,1565499318596952065,1.5000631338843668e+18
13,1565499318596952065,789576978.0
0,1180133955187695616,1.1018562440448737e+18
1,1180133955187695616,185259043.0
2,1180133955187695616,591461201.0
3,1180133955187695616,1.3742357509972623e+18
4,1180133955187695616,1.2510635247612396e+18
5,1180133955187695616,1.5700441758775378e+18
6,1180133955187695616,1.003858298217599e+18
7,1180133955187695616,171384604.0
8,1180133955187695616,1.4559993134531953e+18
9,1180133955187695616,902317820.0
10,1180133955187695616,1.554086066797396e+18
11,1180133955187695616,391602814.0
12,1180133955187695616,1.5443337112604017e+18
13,1180133955187695616,3078211361.0
14,1180133955187695616,1.5354998939257283e+18
15,1180133955187695616,1.498884978582696e+18
16,1180133955187695616,1.462397171043496e+18
17,1180133955187695616,1.5214652467155476e+18
18,1180133955187695616,1.5137431078501212e+18
19,1180133955187695616,1.5154313869198828e+18
20,1180133955187695616,1.3710493602518917e+18
21,1180133955187695616,1.511013200216699e+18
22,1180133955187695616,7.214973297868227e+17
23,1180133955187695616,9.771405142303621e+17
24,1180133955187695616,1.3108369561259745e+18
25,1180133955187695616,1.3106715320463237e+18
26,1180133955187695616,1.3125055257294725e+18
27,1180133955187695616,1.3108249682556723e+18
28,1180133955187695616,1.3117104611932692e+18
29,1180133955187695616,7.165488697698591e+17
30,1180133955187695616,1.3105929509388083e+18
31,1180133955187695616,4141810702.0
32,1180133955187695616,429761546.0
33,1180133955187695616,99699857.0
34,1180133955187695616,9.372872345244713e+17
35,1180133955187695616,1.0303989380278804e+18
36,1180133955187695616,1.266684392837124e+18
37,1180133955187695616,1.2943398616594227e+18
38,1180133955187695616,1.3106213829134254e+18
39,1180133955187695616,3028196476.0
40,1180133955187695616,1.3105781999197594e+18
41,1180133955187695616,1.3105096101058028e+18
42,1180133955187695616,1495457611.0
43,1180133955187695616,1.310288663025275e+18
44,1180133955187695616,3093205918.0
45,1180133955187695616,8.220954036927242e+17
46,1180133955187695616,1.056103066091561e+18
47,1180133955187695616,1.2414779042797486e+18
48,1180133955187695616,32898271.0
49,1180133955187695616,1.198322799884079e+18
50,1180133955187695616,33510041.0
51,1180133955187695616,1.1071755133642711e+18
52,1180133955187695616,1.2170614594415698e+18
53,1180133955187695616,299264437.0
54,1180133955187695616,229152484.0
55,1180133955187695616,9.416812437160305e+17
56,1180133955187695616,1.1204529451857879e+18
57,1180133955187695616,1.181828023479423e+18
58,1180133955187695616,1375631137.0
0,1449127446222188549,1.5610455276676096e+18
1,1449127446222188549,1.5493181922454815e+18
2,1449127446222188549,1.5911546351794954e+18
3,1449127446222188549,1.4906418905087754e+18
4,1449127446222188549,1.4761928398226063e+18
5,1449127446222188549,311212029.0
6,1449127446222188549,1.5313131960904008e+18
7,1449127446222188549,1.4984987624606515e+18
8,1449127446222188549,1.2316122988606792e+18
9,1449127446222188549,216687487.0
10,1449127446222188549,1.5506433094707855e+18
11,1449127446222188549,1.5901958408279204e+18
12,1449127446222188549,1.5590059560166728e+18
13,1449127446222188549,1.5329770172384338e+18
14,1449127446222188549,1.585393249224921e+18
15,1449127446222188549,1.5901818256195748e+18
16,1449127446222188549,1.5609279243830968e+18
17,1449127446222188549,1.5449507631594373e+18
18,1449127446222188549,1.4703502697247007e+18
19,1449127446222188549,4234516306.0
20,1449127446222188549,1.54879663935531e+18
21,1449127446222188549,1.563968648951251e+18
22,1449127446222188549,1.560797948476375e+18
23,1449127446222188549,14225463.0
24,1449127446222188549,1.5444314189311263e+18
25,1449127446222188549,1.590189587724378e+18
26,1449127446222188549,1.5901042810043597e+18
27,1449127446222188549,54168126.0
28,1449127446222188549,1.5351842465492337e+18
29,1449127446222188549,1.587220386202194e+18
30,1449127446222188549,14372104.0
31,1449127446222188549,1.5437519947117036e+18
32,1449127446222188549,1.4642076896644178e+18
33,1449127446222188549,1.5695853451295007e+18
34,1449127446222188549,1.071483188399104e+18
35,1449127446222188549,1.5413426879320556e+18
36,1449127446222188549,256398841.0
37,1449127446222188549,1.3588753728262963e+18
38,1449127446222188549,7.179645498910351e+17
39,1449127446222188549,1.5438087460521452e+18
40,1449127446222188549,1.5471445314888294e+18
41,1449127446222188549,1.5403193719769006e+18
42,1449127446222188549,27555407.0
43,1449127446222188549,1.480243326263591e+18
44,1449127446222188549,1.5533929823630868e+18
45,1449127446222188549,1.5837401300277043e+18
46,1449127446222188549,1.577524817427067e+18
47,1449127446222188549,1.5719437846440714e+18
48,1449127446222188549,582762842.0
49,1449127446222188549,1.5676111926627942e+18
50,1449127446222188549,1.559685934706299e+18
51,1449127446222188549,1.5120691908232765e+18
52,1449127446222188549,1.5281238377407324e+18
53,1449127446222188549,1.5406348105402655e+18
54,1449127446222188549,1.4737717693497836e+18
55,1449127446222188549,1.5427151960111677e+18
56,1449127446222188549,1.5691275700122706e+18
57,1449127446222188549,1.564156841600467e+18
58,1449127446222188549,1.5690467373014303e+18
59,1449127446222188549,1.4957147887011308e+18
60,1449127446222188549,1.4757087586554798e+18
61,1449127446222188549,1.5706528154078781e+18
62,1449127446222188549,1.5016355195071447e+18
63,1449127446222188549,1.5486885844920566e+18
64,1449127446222188549,9.986362377528484e+17
65,1449127446222188549,1.0973809759133737e+18
66,1449127446222188549,1.514389911486419e+18
67,1449127446222188549,1.5674723833085624e+18
68,1449127446222188549,1.4942365391526298e+18
69,1449127446222188549,1.3895552595513876e+18
70,1449127446222188549,1.0164268227651092e+18
71,1449127446222188549,1.5530622523493663e+18
72,1449127446222188549,1.5259364559059067e+18
73,1449127446222188549,8.317427348389478e+17
74,1449127446222188549,1.5259371144620073e+18
75,1449127446222188549,1.3724417748246405e+18
76,1449127446222188549,1.397782275983614e+18
77,1449127446222188549,1.2274065069849027e+18
78,1449127446222188549,1.4745043521653473e+18
79,1449127446222188549,267778714.0
80,1449127446222188549,8.163767452594627e+17
81,1449127446222188549,1.5596715026262262e+18
82,1449127446222188549,2494095044.0
83,1449127446222188549,1.0103881624876851e+18
84,1449127446222188549,1.5248242589915136e+18
85,1449127446222188549,1.4072850776424694e+18
86,1449127446222188549,75779564.0
87,1449127446222188549,1.2784069973191393e+18
88,1449127446222188549,1.5575329632433807e+18
89,1449127446222188549,1.3160034794256138e+18
90,1449127446222188549,1.173330666957824e+18
91,1449127446222188549,44582514.0
92,1449127446222188549,1.475680811856892e+18
93,1449127446222188549,1.4928667238082191e+18
94,1449127446222188549,4772295628.0
95,1449127446222188549,1.2651947992688026e+18
96,1449127446222188549,1.5417957205162066e+18
97,1449127446222188549,1.5408364542463836e+18
98,1449127446222188549,8.303439652160348e+17
99,1449127446222188549,1.4920472560563814e+18
100,1449127446222188549,1.540550144701018e+18
101,1449127446222188549,1.223544813900845e+18
102,1449127446222188549,1.4604486275166085e+18
103,1449127446222188549,1.3335254337118085e+18
104,1449127446222188549,1.2320479839628083e+18
105,1449127446222188549,1.5570133450349896e+18
106,1449127446222188549,1.4693337155369329e+18
107,1449127446222188549,1.4989266255507866e+18
108,1449127446222188549,1.254619279980462e+18
109,1449127446222188549,1.5131762148731986e+18
110,1449127446222188549,1.4878809782321848e+18
111,1449127446222188549,1.1776846325919826e+18
112,1449127446222188549,1.3079980728703222e+18
113,1449127446222188549,1.1455333844934164e+18
114,1449127446222188549,1.4796472771447603e+18
115,1449127446222188549,1.4597304287604122e+18
116,1449127446222188549,1.4425418713858908e+18
117,1449127446222188549,1.3591598329647186e+18
118,1449127446222188549,1.3590227477588214e+18
119,1449127446222188549,1.4664018950066831e+18
120,1449127446222188549,8.815511308990382e+17
121,1449127446222188549,1.3559665259922678e+18
122,1449127446222188549,1.5238492328678646e+18
123,1449127446222188549,1.5297266423855677e+18
124,1449127446222188549,1.2752699884678472e+18
125,1449127446222188549,1.5018393591457014e+18
126,1449127446222188549,532178062.0
127,1449127446222188549,439484481.0
128,1449127446222188549,1.550516873355268e+18
129,1449127446222188549,78054064.0
130,1449127446222188549,1030043060.0
131,1449127446222188549,2616491394.0
132,1449127446222188549,1.2064849792970138e+18
133,1449127446222188549,2522205797.0
134,1449127446222188549,540747403.0
135,1449127446222188549,1.3076404463871304e+18
136,1449127446222188549,1.4210123923354624e+18
137,1449127446222188549,458272595.0
138,1449127446222188549,1.4337469908363756e+18
139,1449127446222188549,8.382099493983683e+17
140,1449127446222188549,9.742516597140275e+17
141,1449127446222188549,2172206511.0
142,1449127446222188549,3370315155.0
143,1449127446222188549,1.167363727110357e+18
144,1449127446222188549,1.0858384777600492e+18
145,1449127446222188549,1.5225713519907103e+18
146,1449127446222188549,1.1011378262661243e+18
147,1449127446222188549,7.315371456183706e+17
148,1449127446222188549,1249873075.0
149,1449127446222188549,1.5258698686580818e+18
150,1449127446222188549,260230248.0
151,1449127446222188549,1.2247489237991342e+18
152,1449127446222188549,100869261.0
153,1449127446222188549,3399212500.0
154,1449127446222188549,1.5118076307962798e+18
155,1449127446222188549,1.4783054843357184e+18
156,1449127446222188549,1.5246068444797174e+18
157,1449127446222188549,1.2108750315567718e+18
158,1449127446222188549,1.2141461235577938e+18
159,1449127446222188549,2363738954.0
160,1449127446222188549,315963981.0
161,1449127446222188549,1.4605247718718464e+18
162,1449127446222188549,1.3169660728226734e+18
163,1449127446222188549,3372002657.0
164,1449127446222188549,1.4109343047425147e+18
165,1449127446222188549,1.5077113206526607e+18
166,1449127446222188549,1.3572469635494257e+18
167,1449127446222188549,1269683856.0
168,1449127446222188549,9.182102831093064e+17
169,1449127446222188549,1.5215297773074555e+18
170,1449127446222188549,7.626579009384407e+17
171,1449127446222188549,1.5259360750924104e+18
172,1449127446222188549,8.648290991177728e+17
173,1449127446222188549,1.5259328934906225e+18
174,1449127446222188549,1.4953612013872292e+18
175,1449127446222188549,9.08741855164158e+17
176,1449127446222188549,1.5005417132066324e+18
177,1449127446222188549,1.4756434265406054e+18
178,1449127446222188549,7.753849624470528e+17
179,1449127446222188549,1.5084610841345475e+18
180,1449127446222188549,1.397103870946513e+18
181,1449127446222188549,1.4602508929057219e+18
182,1449127446222188549,7.439247033587466e+17
183,1449127446222188549,2362505075.0
184,1449127446222188549,9.13054743387308e+17
185,1449127446222188549,1130290550.0
186,1449127446222188549,1.0240740721902797e+18
187,1449127446222188549,98213466.0
188,1449127446222188549,1.4477061285115372e+18
189,1449127446222188549,1.4700386228962836e+18
190,1449127446222188549,1.455215923313451e+18
191,1449127446222188549,1.475755446367576e+18
192,1449127446222188549,1000501502.0
193,1449127446222188549,1.4626322262275154e+18
194,1449127446222188549,1.4796512611506053e+18
195,1449127446222188549,1.4457941003351532e+18
196,1449127446222188549,286294732.0
197,1449127446222188549,1.448040678731178e+18
198,1449127446222188549,48506565.0
199,1449127446222188549,72344652.0
200,1449127446222188549,1.4583853819807826e+18
201,1449127446222188549,251309751.0
202,1449127446222188549,9.638020609015972e+17
203,1449127446222188549,1.4000001931147428e+18
204,1449127446222188549,1.5084694934330532e+18
205,1449127446222188549,1.512904725926232e+18
206,1449127446222188549,60971545.0
207,1449127446222188549,1031135935.0
208,1449127446222188549,225761652.0
209,1449127446222188549,56787046.0
210,1449127446222188549,1.2663334674254234e+18
211,1449127446222188549,1.436730234682839e+18
212,1449127446222188549,1.468374961014608e+18
213,1449127446222188549,1.4381516770188861e+18
214,1449127446222188549,1.5063366256971653e+18
215,1449127446222188549,1.4735385150444708e+18
216,1449127446222188549,1.4304834788317676e+18
217,1449127446222188549,1.472237071838425e+18
218,1449127446222188549,1.5046661849391923e+18
219,1449127446222188549,1.461884798889169e+18
220,1449127446222188549,1.3546594465432822e+18
221,1449127446222188549,1.1692871725471293e+18
222,1449127446222188549,1.507622550955647e+18
223,1449127446222188549,1.3889669755111752e+18
224,1449127446222188549,3242208674.0
225,1449127446222188549,7.028038080118129e+17
226,1449127446222188549,550549128.0
227,1449127446222188549,1.3083749390792417e+18
228,1449127446222188549,9.489699107970007e+17
229,1449127446222188549,1.4755083711389368e+18
230,1449127446222188549,1.480141167253721e+18
231,1449127446222188549,1.1055702318235361e+18
232,1449127446222188549,1.479656470945874e+18
233,1449127446222188549,1.4796501350263153e+18
234,1449127446222188549,1.4835373533606912e+18
235,1449127446222188549,7.926283182186209e+17
236,1449127446222188549,1.4729045201665147e+18
237,1449127446222188549,1.4796577369127117e+18
238,1449127446222188549,3333835946.0
239,1449127446222188549,1.471841784548442e+18
240,1449127446222188549,8.02117743801729e+17
241,1449127446222188549,1.4977387533301924e+18
242,1449127446222188549,1.4912169562041467e+18
243,1449127446222188549,1.4151469945453036e+18
244,1449127446222188549,1.4968369547842068e+18
245,1449127446222188549,1.4125048268570173e+18
246,1449127446222188549,266812713.0
247,1449127446222188549,1.4347557620986716e+18
248,1449127446222188549,1.2260627538545664e+18
249,1449127446222188549,1.3624508270556733e+18
250,1449127446222188549,1.482258031807275e+18
251,1449127446222188549,1.457727951697449e+18
252,1449127446222188549,1.4443911579963392e+18
253,1449127446222188549,1.241237183882621e+18
254,1449127446222188549,1.4776050891372298e+18
255,1449127446222188549,1.4285309849583247e+18
256,1449127446222188549,1.4831626390899425e+18
257,1449127446222188549,1.433731771296854e+18
258,1449127446222188549,1.3991398506121994e+18
259,1449127446222188549,1.4703516455444849e+18
260,1449127446222188549,107604750.0
261,1449127446222188549,8.634821889600758e+17
262,1449127446222188549,1.4630575383294444e+18
263,1449127446222188549,1.0768366366532485e+18
264,1449127446222188549,8.806446835585188e+17
265,1449127446222188549,1.4579391058583962e+18
266,1449127446222188549,1.3699868222779146e+18
267,1449127446222188549,2469683869.0
268,1449127446222188549,8.409485855250678e+17
269,1449127446222188549,1.4511630017808507e+18
270,1449127446222188549,8.666474705534484e+17
271,1449127446222188549,1.473610740452016e+18
272,1449127446222188549,141783486.0
273,1449127446222188549,1.4099816383191695e+18
274,1449127446222188549,1.4679850132663337e+18
275,1449127446222188549,1.4225122362124042e+18
276,1449127446222188549,1.4456820507705057e+18
277,1449127446222188549,1.4558188179559014e+18
278,1449127446222188549,7.322041482764984e+17
279,1449127446222188549,1.4783942552070185e+18
280,1449127446222188549,1.4796876637625262e+18
281,1449127446222188549,1.401252457175425e+18
282,1449127446222188549,729552828.0
283,1449127446222188549,1.4505169382292603e+18
284,1449127446222188549,1.2501659686989332e+18
285,1449127446222188549,1.4792451067000668e+18
286,1449127446222188549,1.4418011552610017e+18
287,1449127446222188549,1.3724179028890337e+18
288,1449127446222188549,1.4757266113748255e+18
289,1449127446222188549,1.4594308018425815e+18
290,1449127446222188549,1.4285307729237443e+18
291,1449127446222188549,1.479257120788861e+18
292,1449127446222188549,1.479222024828592e+18
293,1449127446222188549,1.4700409580163973e+18
294,1449127446222188549,1.2422834669069558e+18
295,1449127446222188549,2456483479.0
296,1449127446222188549,7.388013426348114e+17
297,1449127446222188549,1.4623437184433644e+18
298,1449127446222188549,47961600.0
299,1449127446222188549,1.4776867271836836e+18
300,1449127446222188549,7.573105239648461e+17
301,1449127446222188549,1.4643585705065677e+18
302,1449127446222188549,2494366160.0
303,1449127446222188549,1.4719594262109635e+18
304,1449127446222188549,1.44814811954423e+18
305,1449127446222188549,1.4794009464091197e+18
306,1449127446222188549,1.4524684196730143e+18
307,1449127446222188549,1.1074405665671373e+18
308,1449127446222188549,1.4793722190130217e+18
309,1449127446222188549,1.478692169833599e+18
310,1449127446222188549,1.4641022686814618e+18
311,1449127446222188549,1.4732497555181937e+18
312,1449127446222188549,1.47372221806882e+18
313,1449127446222188549,1.3844886969348014e+18
314,1449127446222188549,1.0755519593551544e+18
315,1449127446222188549,1.4780347351967744e+18
316,1449127446222188549,1.440015340939907e+18
317,1449127446222188549,1.1868119930653082e+18
318,1449127446222188549,1.4739615361379287e+18
319,1449127446222188549,1.4743965463094395e+18
320,1449127446222188549,1.4129086401854996e+18
321,1449127446222188549,1.0842087105479188e+18
322,1449127446222188549,1.4559774119719363e+18
323,1449127446222188549,1.478295038828458e+18
324,1449127446222188549,633865579.0
325,1449127446222188549,9.626542555670036e+17
326,1449127446222188549,1.47255231197338e+18
327,1449127446222188549,1.4778751238268027e+18
328,1449127446222188549,1.477090305249792e+18
329,1449127446222188549,1.4591876715872502e+18
330,1449127446222188549,1.4673178600074854e+18
331,1449127446222188549,1.4252147907801539e+18
332,1449127446222188549,1.406966797677568e+18
333,1449127446222188549,1.4762180303341322e+18
334,1449127446222188549,1.4774744966176236e+18
335,1449127446222188549,1.4713730906261463e+18
336,1449127446222188549,1.4776290664591114e+18
337,1449127446222188549,1.2572618192545915e+18
338,1449127446222188549,1.4251461771719557e+18
339,1449127446222188549,1.4757582117770568e+18
340,1449127446222188549,1.4775176854455665e+18
341,1449127446222188549,1.4770676793116672e+18
342,1449127446222188549,1.4710248607930286e+18
343,1449127446222188549,1.4773366604467855e+18
344,1449127446222188549,1.474537887253164e+18
345,1449127446222188549,1.361907402396762e+18
346,1449127446222188549,1.4756322656444498e+18
347,1449127446222188549,1.477300995441021e+18
348,1449127446222188549,1.3486948905577595e+18
349,1449127446222188549,1.4747927732869693e+18
350,1449127446222188549,1.448771812112937e+18
351,1449127446222188549,1.4743923377658348e+18
352,1449127446222188549,1.3201255999487017e+18
353,1449127446222188549,1.3645846059453153e+18
354,1449127446222188549,1.1297658170614784e+18
355,1449127446222188549,7.232426067302932e+17
356,1449127446222188549,1.3645121605760778e+18
357,1449127446222188549,37585244.0
358,1449127446222188549,1.4723138235669012e+18
359,1449127446222188549,1.4381394862365123e+18
360,1449127446222188549,1.4757919289397535e+18
361,1449127446222188549,1.4086259356294062e+18
362,1449127446222188549,1.476241810502656e+18
363,1449127446222188549,601746753.0
364,1449127446222188549,1.4585514559720407e+18
365,1449127446222188549,1.4695642327358546e+18
366,1449127446222188549,1.4757436101422694e+18
367,1449127446222188549,1.4740751187624878e+18
368,1449127446222188549,1.4756630378014515e+18
369,1449127446222188549,1.4751499564534456e+18
370,1449127446222188549,1.4755763822185472e+18
371,1449127446222188549,1.3355792799129436e+18
372,1449127446222188549,1.4559816605336617e+18
373,1449127446222188549,59321764.0
374,1449127446222188549,1.1874714893371023e+18
375,1449127446222188549,1.4399822757817958e+18
376,1449127446222188549,1.4741305263740887e+18
377,1449127446222188549,1.473290632907133e+18
378,1449127446222188549,1.4755236060882289e+18
379,1449127446222188549,8.328833084889743e+17
380,1449127446222188549,1.4754611544158126e+18
381,1449127446222188549,1.4752531322885693e+18
382,1449127446222188549,1.4752702303562424e+18
383,1449127446222188549,48049242.0
384,1449127446222188549,2564218678.0
385,1449127446222188549,1.43225059674504e+18
386,1449127446222188549,778576741.0
387,1449127446222188549,1.4642275498072678e+18
388,1449127446222188549,1.2851422199182008e+18
389,1449127446222188549,1.4743811433612616e+18
390,1449127446222188549,1.4747694576963052e+18
391,1449127446222188549,1.4294304404825457e+18
392,1449127446222188549,1.4743461699795804e+18
393,1449127446222188549,1.3836144288310477e+18
394,1449127446222188549,1.473594294573224e+18
395,1449127446222188549,1.3994326258785526e+18
396,1449127446222188549,1.1998753607347569e+18
397,1449127446222188549,1.4359551563995218e+18
398,1449127446222188549,1.4258965920962478e+18
399,1449127446222188549,1.4685750553620111e+18
400,1449127446222188549,1134569058.0
401,1449127446222188549,1.4667217972195328e+18
402,1449127446222188549,1.4723695528476918e+18
403,1449127446222188549,232069980.0
404,1449127446222188549,8.905175191606272e+17
405,1449127446222188549,1.458895040844116e+18
406,1449127446222188549,180061240.0
407,1449127446222188549,1.4726784283317207e+18
408,1449127446222188549,1.4735895316601405e+18
409,1449127446222188549,1.4701138120870339e+18
410,1449127446222188549,1.464283641312387e+18
411,1449127446222188549,1.4005166948551066e+18
412,1449127446222188549,1.107459016588968e+18
413,1449127446222188549,1.1373971904842752e+18
414,1449127446222188549,1.4734822856639324e+18
415,1449127446222188549,1.4722194080136684e+18
416,1449127446222188549,1.4733651929564242e+18
417,1449127446222188549,9.153247554478817e+17
418,1449127446222188549,1.473326319178031e+18
419,1449127446222188549,47729583.0
420,1449127446222188549,1.4014703352753357e+18
421,1449127446222188549,1.433516439277736e+18
422,1449127446222188549,1.4290361193798246e+18
423,1449127446222188549,1.4714728894298563e+18
424,1449127446222188549,1.3286833947131945e+18
425,1449127446222188549,1.448590563658408e+18
426,1449127446222188549,1.4503640075635302e+18
427,1449127446222188549,1.472744892258521e+18
428,1449127446222188549,1.3479534580208148e+18
429,1449127446222188549,9.727501801885532e+17
430,1449127446222188549,1.4642685847844332e+18
431,1449127446222188549,1.47275751766306e+18
432,1449127446222188549,1.4316279250994094e+18
433,1449127446222188549,1.3945792160253501e+18
434,1449127446222188549,1.4726760881868227e+18
435,1449127446222188549,1.402310245393879e+18
436,1449127446222188549,1.4699810291211592e+18
437,1449127446222188549,399757151.0
438,1449127446222188549,1.4635505915614413e+18
439,1449127446222188549,1.4719977967693087e+18
440,1449127446222188549,1.4721495919528018e+18
441,1449127446222188549,1.45381821599019e+18
442,1449127446222188549,1.395436755017519e+18
443,1449127446222188549,1.0894024792953979e+18
444,1449127446222188549,1.4716845572294124e+18
445,1449127446222188549,1.335003442096517e+18
446,1449127446222188549,1.4291482967239803e+18
447,1449127446222188549,1879770398.0
448,1449127446222188549,1.4715578593515643e+18
449,1449127446222188549,715933813.0
450,1449127446222188549,1.471509848986579e+18
451,1449127446222188549,1.4712389851376763e+18
452,1449127446222188549,2424548233.0
453,1449127446222188549,266020841.0
454,1449127446222188549,1.4711718999337902e+18
455,1449127446222188549,1.425413641722073e+18
456,1449127446222188549,1.4709709323154432e+18
457,1449127446222188549,1.0510992672958382e+18
458,1449127446222188549,2307860983.0
459,1449127446222188549,1.4584816525443768e+18
460,1449127446222188549,1.457746735460229e+18
461,1449127446222188549,58218677.0
462,1449127446222188549,1.355555019546747e+18
463,1449127446222188549,404910797.0
464,1449127446222188549,1.37277909470677e+18
465,1449127446222188549,1.4587964488252416e+18
466,1449127446222188549,9.638729002089308e+17
467,1449127446222188549,1.450111859793662e+18
468,1449127446222188549,1.4382031505409843e+18
469,1449127446222188549,128873058.0
470,1449127446222188549,1.457273385067565e+18
471,1449127446222188549,1.3305181045777408e+18
472,1449127446222188549,1.2855506621311017e+18
473,1449127446222188549,307910773.0
474,1449127446222188549,1.4696501729217536e+18
475,1449127446222188549,788033018.0
476,1449127446222188549,1.4684252313754092e+18
477,1449127446222188549,2994015070.0
478,1449127446222188549,1.4032339043208684e+18
479,1449127446222188549,1.4682698331041178e+18
480,1449127446222188549,1106960354.0
481,1449127446222188549,1.4669871989058642e+18
482,1449127446222188549,7.87721312131244e+17
483,1449127446222188549,1.0371808925763953e+18
484,1449127446222188549,1.4580656318997996e+18
485,1449127446222188549,1.3326268886745375e+18
486,1449127446222188549,1.4689821868670525e+18
487,1449127446222188549,1140702042.0
488,1449127446222188549,1.468758783367127e+18
489,1449127446222188549,1.4559309043507937e+18
490,1449127446222188549,1.4689068635006116e+18
491,1449127446222188549,1.3784336870673244e+18
492,1449127446222188549,1.4600926898739692e+18
493,1449127446222188549,1.466521630189015e+18
494,1449127446222188549,3287777904.0
495,1449127446222188549,1.4675308295091896e+18
496,1449127446222188549,1.468029327103066e+18
497,1449127446222188549,1174495537.0
498,1449127446222188549,1.3958054693403648e+18
499,1449127446222188549,1.3718016476813107e+18
500,1449127446222188549,1.4374926252931686e+18
501,1449127446222188549,1.4641696412495913e+18
502,1449127446222188549,1.468099401025405e+18
503,1449127446222188549,1.4039259664522609e+18
504,1449127446222188549,1.4447049951489106e+18
505,1449127446222188549,1.4679868197825208e+18
506,1449127446222188549,1.4671208368302858e+18
507,1449127446222188549,1.3300462728589435e+18
508,1449127446222188549,1.4678286283817083e+18
509,1449127446222188549,1.4631550247547249e+18
510,1449127446222188549,1.3450901211635466e+18
511,1449127446222188549,1.4520731310576394e+18
512,1449127446222188549,1.452493945481556e+18
513,1449127446222188549,1.4666696553685033e+18
514,1449127446222188549,1.467733327339606e+18
515,1449127446222188549,1.4643544558481654e+18
516,1449127446222188549,1.4644190751494185e+18
517,1449127446222188549,1.392780979257987e+18
518,1449127446222188549,1.4632305185105674e+18
519,1449127446222188549,1.452967456830591e+18
520,1449127446222188549,9.65016966154113e+17
521,1449127446222188549,1.2947933783460168e+18
522,1449127446222188549,1.4306625865010586e+18
523,1449127446222188549,1.0408259797851095e+18
524,1449127446222188549,1.1906473480383734e+18
525,1449127446222188549,1.467161612272427e+18
526,1449127446222188549,1.467154516868944e+18
527,1449127446222188549,1.0882979942422487e+18
528,1449127446222188549,1.4671620566252954e+18
529,1449127446222188549,1.3299194557371064e+18
530,1449127446222188549,1.4665406453219574e+18
531,1449127446222188549,1.3778285742673265e+18
532,1449127446222188549,1.4562955353426002e+18
533,1449127446222188549,8.660797838049567e+17
534,1449127446222188549,8.55366975773696e+17
535,1449127446222188549,1.2516186368942858e+18
536,1449127446222188549,1.4322251946056786e+18
537,1449127446222188549,536828363.0
538,1449127446222188549,9.027273889912791e+17
539,1449127446222188549,1.220152502177407e+18
540,1449127446222188549,4084414213.0
541,1449127446222188549,1.374112413121921e+18
542,1449127446222188549,1.4210714357416018e+18
543,1449127446222188549,1.3615322171896873e+18
544,1449127446222188549,710436672.0
545,1449127446222188549,1.457446760096301e+18
546,1449127446222188549,1.4637400368017777e+18
547,1449127446222188549,1.4649772908996403e+18
548,1449127446222188549,1.4619471735290266e+18
549,1449127446222188549,1.463600432702374e+18
550,1449127446222188549,1.4646857948583485e+18
551,1449127446222188549,1.4599067548510986e+18
552,1449127446222188549,1.4612922403874693e+18
553,1449127446222188549,574360492.0
554,1449127446222188549,560363035.0
555,1449127446222188549,1.39547810536038e+18
556,1449127446222188549,1.46532035502379e+18
557,1449127446222188549,1.2349868412432957e+18
558,1449127446222188549,1.4656716355251528e+18
559,1449127446222188549,1.348713195171668e+18
560,1449127446222188549,1.386130882797314e+18
561,1449127446222188549,1.4655016436471972e+18
562,1449127446222188549,1.463092234539217e+18
563,1449127446222188549,343323764.0
564,1449127446222188549,1.4620794615711457e+18
565,1449127446222188549,1.3993826231772447e+18
566,1449127446222188549,1.3794707362643354e+18
567,1449127446222188549,1.444126054742958e+18
568,1449127446222188549,2951846346.0
569,1449127446222188549,370695370.0
570,1449127446222188549,1.2850992788477706e+18
571,1449127446222188549,9.70953100650537e+17
572,1449127446222188549,1.3640554164271923e+18
573,1449127446222188549,1.445589998560899e+18
574,1449127446222188549,1.332662213941756e+18
575,1449127446222188549,2600086585.0
576,1449127446222188549,1.4634534534732308e+18
577,1449127446222188549,1.3845584199825695e+18
578,1449127446222188549,1.355248373029335e+18
579,1449127446222188549,1.4559952659079373e+18
580,1449127446222188549,1.4644465534316298e+18
581,1449127446222188549,1.4644850258193326e+18
582,1449127446222188549,1.4633933659160617e+18
583,1449127446222188549,1.4630065176830484e+18
584,1449127446222188549,1.4554864167842693e+18
585,1449127446222188549,1.4493294106713539e+18
586,1449127446222188549,1.4620261897957007e+18
587,1449127446222188549,1.4639257265000694e+18
588,1449127446222188549,1.4299128430176543e+18
589,1449127446222188549,1.375118902049538e+18
590,1449127446222188549,1.4637857398466232e+18
591,1449127446222188549,1.3796021813351178e+18
592,1449127446222188549,1.461818972282753e+18
593,1449127446222188549,1.4500199689097257e+18
594,1449127446222188549,1.4634550170467246e+18
595,1449127446222188549,1.2359034797862707e+18
596,1449127446222188549,1.4639931741547807e+18
597,1449127446222188549,1.456728932611498e+18
598,1449127446222188549,1.454454000028369e+18
599,1449127446222188549,1.3928121095374193e+18
600,1449127446222188549,1.4386785553789174e+18
601,1449127446222188549,1.4557909883880284e+18
602,1449127446222188549,3290731542.0
603,1449127446222188549,1.463123787277226e+18
604,1449127446222188549,1.2055413813489746e+18
605,1449127446222188549,1.4597818162908856e+18
606,1449127446222188549,1.4562933490574336e+18
607,1449127446222188549,1.4500367556929372e+18
608,1449127446222188549,8.54482567227224e+17
609,1449127446222188549,3011617584.0
610,1449127446222188549,1.382031420911145e+18
611,1449127446222188549,1.3917363577231524e+18
612,1449127446222188549,633346963.0
613,1449127446222188549,1.4084907231508152e+18
614,1449127446222188549,1.4069172144736993e+18
615,1449127446222188549,1.4605378192066683e+18
616,1449127446222188549,1.4123493099708948e+18
617,1449127446222188549,1.453390600598954e+18
618,1449127446222188549,1.4623796665686712e+18
619,1449127446222188549,1.4618013054464369e+18
620,1449127446222188549,1.4598417802880492e+18
621,1449127446222188549,1.4011613397714985e+18
622,1449127446222188549,1.0700115296662938e+18
623,1449127446222188549,1.4353122078190715e+18
624,1449127446222188549,1.4569792828618998e+18
625,1449127446222188549,1.4620476926962647e+18
626,1449127446222188549,1.4574080410669302e+18
627,1449127446222188549,39955957.0
628,1449127446222188549,1.4376558246927606e+18
629,1449127446222188549,1389105578.0
630,1449127446222188549,1.4424629064408146e+18
631,1449127446222188549,505279913.0
632,1449127446222188549,1.4559858424141332e+18
633,1449127446222188549,1.4512874175001477e+18
634,1449127446222188549,1.4608419241270845e+18
635,1449127446222188549,2277022428.0
636,1449127446222188549,1.4545958629240873e+18
637,1449127446222188549,1.389439871379456e+18
638,1449127446222188549,1.456890933132284e+18
639,1449127446222188549,1.4046247469988987e+18
640,1449127446222188549,1.4598722876755927e+18
641,1449127446222188549,1.4106615797424988e+18
642,1449127446222188549,1.457142423449178e+18
643,1449127446222188549,4189586073.0
644,1449127446222188549,1.400346580406911e+18
645,1449127446222188549,3097242767.0
646,1449127446222188549,1.4577131385650995e+18
647,1449127446222188549,1056636217.0
648,1449127446222188549,1.456646806469763e+18
649,1449127446222188549,1.3678592414538424e+18
650,1449127446222188549,1.4523430722352865e+18
651,1449127446222188549,1705849472.0
652,1449127446222188549,1.389621275190911e+18
653,1449127446222188549,1.4323799827944325e+18
654,1449127446222188549,1.42930550322244e+18
655,1449127446222188549,2850831318.0
656,1449127446222188549,1.4574189771523604e+18
657,1449127446222188549,1.4074688142043505e+18
658,1449127446222188549,1.2577147693997752e+18
659,1449127446222188549,1.4507658291931668e+18
660,1449127446222188549,1.4337486600182456e+18
661,1449127446222188549,1.4329180287952364e+18
662,1449127446222188549,1.3693036847236547e+18
663,1449127446222188549,1.4526756935238984e+18
664,1449127446222188549,1.3657898681655788e+18
665,1449127446222188549,1.3559228254046781e+18
666,1449127446222188549,1.409810706183172e+18
667,1449127446222188549,7.65760017995862e+17
668,1449127446222188549,2248840262.0
669,1449127446222188549,1.4348870901022228e+18
670,1449127446222188549,271558051.0
671,1449127446222188549,1.1330979258008453e+18
672,1449127446222188549,4925724612.0
673,1449127446222188549,80723840.0
674,1449127446222188549,1.3880425292208292e+18
675,1449127446222188549,1.4300502293787075e+18
676,1449127446222188549,1.377434470135984e+18
677,1449127446222188549,1.1970058493964247e+18
678,1449127446222188549,1.3453330050831442e+18
679,1449127446222188549,9.249725630712259e+17
680,1449127446222188549,1.355621844720767e+18
0,2316443093,1.5638790631814717e+18
1,2316443093,181845912.0
2,2316443093,9.979557079357071e+17
3,2316443093,1.5074378444863078e+18
4,2316443093,70984285.0
5,2316443093,1940028006.0
6,2316443093,1.2728718597558477e+18
7,2316443093,184122250.0
8,2316443093,2885863631.0
9,2316443093,1.2681770560949903e+18
10,2316443093,1.5294272724695613e+18
11,2316443093,3246110309.0
0,1379982756986376193,404660035.0
1,1379982756986376193,2319844958.0
2,1379982756986376193,1.5450244940284436e+18
3,1379982756986376193,1.4834777254783304e+18
4,1379982756986376193,1.3532824526058537e+18
5,1379982756986376193,1.5740944729960694e+18
6,1379982756986376193,71472601.0
7,1379982756986376193,1.4819319176332452e+18
8,1379982756986376193,1.3708352292131267e+18
9,1379982756986376193,1.5814909625973023e+18
10,1379982756986376193,1.5740834146087158e+18
11,1379982756986376193,1.5741776525665935e+18
12,1379982756986376193,1.5654150576048947e+18
13,1379982756986376193,8.230771534829322e+17
14,1379982756986376193,1.571915434974384e+18
15,1379982756986376193,1.285577413443883e+18
16,1379982756986376193,1.2130467312705413e+18
17,1379982756986376193,1.2156800868521083e+18
18,1379982756986376193,4807244541.0
19,1379982756986376193,1.5723617523098092e+18
20,1379982756986376193,1.180451997708931e+18
21,1379982756986376193,1.5490865056201974e+18
22,1379982756986376193,9.94436903826088e+17
23,1379982756986376193,1.381659219934507e+18
24,1379982756986376193,9.192446820598292e+17
25,1379982756986376193,1.3220678108063048e+18
26,1379982756986376193,1.4638637535990743e+18
27,1379982756986376193,1.5738129460394435e+18
28,1379982756986376193,1.321512587746513e+18
29,1379982756986376193,2274193381.0
30,1379982756986376193,1.2001837233518223e+18
31,1379982756986376193,2382417644.0
32,1379982756986376193,1.1327463141380465e+18
33,1379982756986376193,1.2186596943251374e+18
34,1379982756986376193,1.2831742538489283e+18
35,1379982756986376193,2944545194.0
36,1379982756986376193,1.5690161931549655e+18
37,1379982756986376193,1.3102792598402785e+18
38,1379982756986376193,1.4213555469432627e+18
39,1379982756986376193,1.4614856766925292e+18
40,1379982756986376193,1.0084632528320471e+18
41,1379982756986376193,151934168.0
42,1379982756986376193,9.265822307843973e+17
43,1379982756986376193,35937453.0
44,1379982756986376193,8.750110104736686e+17
45,1379982756986376193,1.4222527254090383e+18
46,1379982756986376193,1864538538.0
47,1379982756986376193,1.3849894622168146e+18
48,1379982756986376193,1.5151865137007043e+18
49,1379982756986376193,1.515033936384209e+18
50,1379982756986376193,8.000098704938148e+17
51,1379982756986376193,1.0023520124978422e+18
52,1379982756986376193,1.5121117027075195e+18
53,1379982756986376193,3129351260.0
54,1379982756986376193,1.2476651064497275e+18
55,1379982756986376193,1.1566108251733443e+18
56,1379982756986376193,7.881375847949558e+17
57,1379982756986376193,222187991.0
58,1379982756986376193,1.4916756780847923e+18
59,1379982756986376193,1.2030635860981596e+18
60,1379982756986376193,20148783.0
61,1379982756986376193,1.4630194124667249e+18
62,1379982756986376193,1.187381957488808e+18
63,1379982756986376193,1.0021515208659313e+18
64,1379982756986376193,1.276556702431748e+18
65,1379982756986376193,75190893.0
66,1379982756986376193,1.4065140777032335e+18
67,1379982756986376193,211596241.0
68,1379982756986376193,8.144152191622513e+17
69,1379982756986376193,9.646708384977756e+17
70,1379982756986376193,1.2959314932068516e+18
71,1379982756986376193,9.519971897897574e+17
72,1379982756986376193,4321590989.0
73,1379982756986376193,1.2537194772728381e+18
74,1379982756986376193,1.4134535486212096e+18
75,1379982756986376193,21441975.0
76,1379982756986376193,117102136.0
77,1379982756986376193,1.3513095663953142e+18
78,1379982756986376193,1.4417297599106458e+18
79,1379982756986376193,1.2385445821048095e+18
80,1379982756986376193,1.2672913224755896e+18
81,1379982756986376193,1.427576316350587e+18
82,1379982756986376193,1.4280404106314465e+18
83,1379982756986376193,286585414.0
84,1379982756986376193,9.693064944317727e+17
85,1379982756986376193,1.4076260580236657e+18
86,1379982756986376193,1.0113513283024855e+18
87,1379982756986376193,1.2564442013084344e+18
88,1379982756986376193,7.319015795871293e+17
89,1379982756986376193,1.2632120233720259e+18
90,1379982756986376193,1.2225395203081052e+18
91,1379982756986376193,1.384584256907776e+18
92,1379982756986376193,8.182120548049265e+17
93,1379982756986376193,1.298583867801174e+18
94,1379982756986376193,1934194627.0
95,1379982756986376193,1.3051724091510907e+18
96,1379982756986376193,1387553030.0
97,1379982756986376193,1676372058.0
98,1379982756986376193,2149601597.0
99,1379982756986376193,7.853267585348403e+17
100,1379982756986376193,7.580147099499233e+17
