,Id,degree,group
0,516440632.0,307,2.0
1,599859650.0,301,2.0
2,205915258.0,250,2.0
3,1210627806.0,246,3.0
4,79807769.0,245,2.0
5,575275357.0,221,2.0
6,373464462.0,220,2.0
7,544466882.0,217,1.0
8,921718784.0,215,2.0
9,611649223.0,199,2.0
10,1317061333.0,198,2.0
11,1074694838.0,195,2.0
12,491044079.0,192,2.0
13,1022356584.0,190,2.0
14,36129150.0,183,2.0
15,1029436669.0,178,2.0
16,763855561.0,172,2.0
17,478936319.0,172,2.0
18,1157628397.0,167,2.0
19,205821431.0,165,2.0
20,16244891.0,162,1.0
21,613429101.0,160,0.0
22,231430595.0,153,2.0
23,426664737.0,148,2.0
24,37728789.0,132,2.0
25,17394758.0,127,1.0
26,549862794.0,127,0.0
27,266898327.0,119,1.0
28,188500598.0,116,0.0
29,18352761.0,113,0.0
30,912345692.0,111,1.0
31,1005209094.0,110,0.0
32,93874520.0,109,0.0
33,166183813.0,108,1.0
34,2186630257.0,105,2.0
35,326352942.0,104,3.0
36,718831308.0,104,2.0
37,614693405.0,103,1.0
38,487352746.0,100,3.0
39,294149040.0,99,1.0
40,987646591.0,98,1.0
41,272965603.0,95,1.0
42,1117043418.0,94,1.0
43,1225998914.0,92,0.0
44,91313476.0,92,1.0
45,57008913.0,89,3.0
46,347715542.0,88,1.0
47,330328197.0,86,3.0
48,62397252.0,85,1.0
49,166252198.0,85,3.0
50,275675429.0,82,0.0
51,2187233760.0,79,1.0
52,704207840.0,79,1.0
53,898176697.0,79,0.0
54,277088720.0,72,3.0
55,23745634.0,72,3.0
56,95982652.0,70,1.0
57,15703186.0,70,1.0
58,1701978805.0,69,2.0
59,65420357.0,69,1.0
60,183067177.0,68,1.0
61,909938851.0,67,1.0
62,1160198826.0,67,2.0
63,1637860849.0,66,2.0
64,1932720145.0,65,1.0
65,1325283566.0,64,1.0
66,3329411729.0,64,1.0
67,213228400.0,64,3.0
68,100658567.0,64,0.0
69,2175021342.0,63,3.0
70,8.652700891505418e+17,63,1.0
71,8.652700891505418e+17,63,1.0
72,23834147.0,63,2.0
73,183177218.0,60,1.0
74,3234030582.0,60,3.0
75,24863440.0,59,1.0
76,191159103.0,57,1.0
77,95875062.0,55,1.0
78,189162903.0,54,3.0
79,547116712.0,54,3.0
80,806963953.0,52,2.0
81,41131859.0,52,3.0
82,244101096.0,52,0.0
83,1133289522.0,50,3.0
84,2291628254.0,50,3.0
85,574978714.0,50,1.0
86,203253392.0,50,1.0
87,372262602.0,49,1.0
88,437653620.0,48,0.0
89,17552387.0,48,1.0
90,9.975779918435287e+17,48,3.0
91,3065929617.0,46,3.0
92,846327540.0,45,3.0
93,66973788.0,44,0.0
94,1471478042.0,44,1.0
95,479816451.0,44,1.0
96,90422426.0,44,2.0
97,134835729.0,43,3.0
98,2505359724.0,42,1.0
99,3163772001.0,42,2.0
100,1711459278.0,41,2.0
101,169899371.0,41,1.0
102,8.896235594247946e+17,40,3.0
103,291261221.0,40,3.0
104,1367137064.0,40,2.0
105,498261022.0,40,0.0
106,19396614.0,39,0.0
107,781753796.0,39,3.0
108,15396298.0,39,0.0
109,389982044.0,39,3.0
110,846344095.0,39,3.0
111,49223585.0,39,0.0
112,17606918.0,38,1.0
113,2599964088.0,38,3.0
114,37885887.0,38,3.0
115,85672875.0,37,3.0
116,1340593538.0,37,2.0
117,29264664.0,36,3.0
118,59386332.0,35,1.0
119,2603023009.0,35,3.0
120,67912605.0,35,3.0
121,1.0776669903560294e+18,34,3.0
122,33098495.0,34,1.0
123,35009875.0,34,1.0
124,45436858.0,34,0.0
125,906406206.0,33,2.0
126,435516305.0,33,0.0
127,2320799292.0,33,2.0
128,184545167.0,33,3.0
129,33923443.0,32,0.0
130,1860704768.0,32,3.0
131,160134542.0,32,0.0
132,2557265432.0,32,2.0
133,8.002853482615562e+17,31,1.0
134,2320821690.0,31,0.0
135,447774896.0,30,2.0
136,1.2890443268158054e+18,30,1.0
137,1.2890443268158054e+18,30,1.0
138,16248319.0,30,0.0
139,22190083.0,29,0.0
140,292249918.0,29,2.0
141,293739081.0,29,0.0
142,795475314.0,29,0.0
143,3021274672.0,29,3.0
144,141764283.0,29,2.0
145,9.975779918435288e+17,28,3.0
146,9.111481532308562e+17,28,
147,30947125.0,28,3.0
148,400011408.0,27,1.0
149,42953038.0,27,3.0
150,347261357.0,27,0.0
151,450894516.0,27,0.0
152,53017384.0,27,3.0
153,537219894.0,27,1.0
154,2270157884.0,27,3.0
155,123032639.0,27,0.0
156,619965810.0,27,1.0
157,1135920847.0,27,3.0
158,18104730.0,26,1.0
159,75742264.0,26,1.0
160,2207541182.0,26,3.0
161,473080263.0,25,1.0
162,563907421.0,25,2.0
163,14920914.0,25,1.0
164,14157179.0,25,3.0
165,124558745.0,25,0.0
166,21993071.0,25,2.0
167,210684204.0,24,1.0
168,147383043.0,24,2.0
169,806497141.0,24,2.0
170,41089937.0,24,3.0
171,259873788.0,24,1.0
172,344653120.0,24,1.0
173,1713783080.0,23,2.0
174,9.688935943281828e+17,23,1.0
175,125319989.0,23,1.0
176,9.126151046671606e+17,23,3.0
177,636575082.0,23,3.0
178,370343276.0,23,3.0
179,22984215.0,23,2.0
180,15066876.0,23,0.0
181,47771556.0,23,2.0
182,3119966597.0,22,1.0
183,92686819.0,22,2.0
184,3975299597.0,22,3.0
185,455451340.0,22,0.0
186,2812472208.0,22,3.0
187,350509998.0,22,0.0
188,123231225.0,22,1.0
189,1177869666.0,22,2.0
190,117982625.0,22,1.0
191,16885335.0,22,2.0
192,25081451.0,22,1.0
193,387341952.0,22,0.0
194,84141876.0,22,2.0
195,983142398.0,22,2.0
196,359188534.0,21,3.0
197,18536718.0,21,2.0
198,1239425359.0,21,2.0
199,796865010.0,21,2.0
200,357452342.0,21,1.0
201,18637420.0,21,0.0
202,1572602677.0,21,2.0
203,20739133.0,21,1.0
204,996054186.0,21,1.0
205,151934168.0,21,0.0
206,20923610.0,21,0.0
207,318106877.0,21,3.0
208,2334123326.0,21,1.0
209,87606674.0,21,0.0
210,298141096.0,21,2.0
211,17026589.0,21,1.0
212,289339141.0,21,2.0
213,98201361.0,21,2.0
214,7.459484988272845e+17,20,3.0
215,27150431.0,20,0.0
216,50516203.0,20,1.0
217,402774333.0,20,2.0
218,73986605.0,20,0.0
219,252785239.0,20,3.0
220,7.420532462193418e+17,20,0.0
221,280669008.0,20,3.0
222,16167957.0,20,1.0
223,572609848.0,20,1.0
224,217468218.0,20,2.0
225,2893231512.0,20,2.0
226,81305054.0,20,3.0
227,474738142.0,20,2.0
228,219667972.0,20,1.0
229,860884598.0,20,3.0
230,202120926.0,20,3.0
231,15300423.0,20,3.0
232,456122274.0,20,2.0
233,8.82656680487551e+17,19,1.0
234,930127944.0,19,2.0
235,340070516.0,19,2.0
236,17467699.0,19,3.0
237,338432393.0,19,2.0
238,141636248.0,19,0.0
239,98097823.0,19,0.0
240,61197041.0,19,3.0
241,83678036.0,19,2.0
242,169317229.0,19,2.0
243,44817367.0,19,2.0
244,2445652957.0,19,1.0
245,1321767960.0,19,2.0
246,238308510.0,19,1.0
247,39077431.0,19,0.0
248,605386346.0,19,2.0
249,40953465.0,19,1.0
250,21360280.0,19,0.0
251,12093082.0,19,3.0
252,9.941140170641162e+17,19,3.0
253,20414217.0,19,0.0
254,1372550988.0,19,2.0
255,1272407948.0,19,0.0
256,63219690.0,19,1.0
257,3641079799.0,19,3.0
258,44425296.0,18,2.0
259,26548315.0,18,3.0
260,494305756.0,18,2.0
261,23429657.0,18,2.0
262,1072038426.0,18,3.0
263,3971883682.0,18,1.0
264,42300159.0,18,0.0
265,76348185.0,18,2.0
266,519635753.0,18,2.0
267,351124495.0,18,1.0
268,18570258.0,18,1.0
269,59708490.0,18,1.0
270,515802475.0,18,2.0
271,3130627486.0,18,3.0
272,24733117.0,18,0.0
273,921759169.0,18,1.0
274,58422750.0,18,2.0
275,314613453.0,18,0.0
276,123006717.0,18,1.0
277,600637195.0,18,3.0
278,36032320.0,18,0.0
279,310030170.0,18,0.0
280,46096376.0,18,0.0
281,8.141697275682202e+17,17,3.0
282,8.595606710457549e+17,17,1.0
283,1246335020.0,17,2.0
284,771905612.0,17,2.0
285,3080291.0,17,3.0
286,224028874.0,17,2.0
287,3405541642.0,17,0.0
288,600824096.0,17,2.0
289,498141551.0,17,2.0
290,59228570.0,17,2.0
291,2257558088.0,17,0.0
292,88507018.0,17,2.0
293,19178148.0,17,3.0
294,39047949.0,17,0.0
295,140079968.0,17,2.0
296,23780201.0,17,2.0
297,1.0444834651507548e+18,17,1.0
298,19401910.0,17,3.0
299,1006329061.0,17,2.0
300,2778944996.0,17,2.0
301,388847099.0,17,2.0
302,380389113.0,17,2.0
303,20268832.0,17,1.0
304,205541157.0,17,0.0
305,353900350.0,17,2.0
306,904408999.0,17,1.0
307,226891781.0,16,1.0
308,1401045002.0,16,0.0
309,938657858.0,16,0.0
310,450013344.0,16,3.0
311,413722885.0,16,2.0
312,23118150.0,16,0.0
313,1372641625.0,16,3.0
314,2823694738.0,16,1.0
315,345864624.0,16,2.0
316,715927987.0,16,2.0
317,182493733.0,16,0.0
318,49760807.0,16,1.0
319,320524842.0,16,1.0
320,362074693.0,16,3.0
321,386982500.0,16,2.0
322,1415928464.0,16,3.0
323,801278610.0,16,2.0
324,4876073664.0,16,2.0
325,65577676.0,16,0.0
326,2904595194.0,16,2.0
327,19827680.0,16,0.0
328,95740980.0,16,1.0
329,595633209.0,16,2.0
330,18539631.0,16,0.0
331,8.328030701153526e+17,16,1.0
332,8.328030701153526e+17,16,1.0
333,1067750762.0,16,2.0
334,153134508.0,16,3.0
335,17536486.0,16,0.0
336,35767916.0,16,0.0
337,7.387343445383455e+17,16,1.0
338,407770771.0,16,2.0
339,54964122.0,16,2.0
340,8.778796269655818e+17,15,0.0
341,2644910088.0,15,1.0
342,873226260.0,15,2.0
343,438442076.0,15,2.0
344,227094633.0,15,2.0
345,37599351.0,15,0.0
346,23380154.0,15,2.0
347,382134482.0,15,2.0
348,2334947540.0,15,1.0
349,933325062.0,15,1.0
350,16261638.0,15,0.0
351,28914186.0,15,0.0
352,755431974.0,15,2.0
353,244746802.0,15,0.0
354,245191224.0,15,1.0
355,3111850551.0,15,2.0
356,590588486.0,15,2.0
357,81619592.0,15,0.0
358,189938343.0,15,2.0
359,558533314.0,15,2.0
360,455174939.0,15,2.0
361,61569821.0,15,1.0
362,401775393.0,15,1.0
363,197180210.0,15,1.0
364,705436512.0,15,2.0
365,503479172.0,15,2.0
366,948831122.0,15,3.0
367,211917765.0,15,1.0
368,594582469.0,15,2.0
369,635808709.0,15,2.0
370,21621749.0,15,0.0
371,444378105.0,15,0.0
372,593206283.0,15,1.0
373,22838286.0,15,2.0
374,283091990.0,15,2.0
375,621794372.0,15,2.0
376,318383192.0,15,0.0
377,40428645.0,15,3.0
378,1166603371.0,15,2.0
379,7.48380377253843e+17,15,2.0
380,63135089.0,15,1.0
381,2235067801.0,15,2.0
382,2456223144.0,15,3.0
383,95468980.0,15,1.0
384,260900316.0,15,2.0
385,431529466.0,15,2.0
386,16383523.0,15,0.0
387,612359723.0,15,2.0
388,1136086656.0,15,2.0
389,2690688900.0,15,1.0
390,339904443.0,15,2.0
391,124436459.0,15,3.0
392,791132196.0,14,2.0
393,1311221828.0,14,2.0
394,1550309448.0,14,2.0
395,37836873.0,14,0.0
396,17879144.0,14,0.0
397,65589378.0,14,0.0
398,15210670.0,14,1.0
399,240664803.0,14,3.0
400,444940567.0,14,0.0
401,271069523.0,14,1.0
402,981688693.0,14,2.0
403,182915458.0,14,2.0
404,17850785.0,14,1.0
405,67604977.0,14,2.0
406,2341853726.0,14,3.0
407,1933042237.0,14,0.0
408,1292483263.0,14,2.0
409,3875861234.0,14,2.0
410,1167196928.0,14,2.0
411,160404282.0,14,0.0
412,142791487.0,14,2.0
413,91298698.0,14,0.0
414,290012051.0,14,2.0
415,1278889040.0,14,2.0
416,101897322.0,14,1.0
417,7.264903024884163e+17,14,2.0
418,1329988831.0,14,2.0
419,2337119462.0,14,1.0
420,506201323.0,14,1.0
421,3037187311.0,14,3.0
422,65563900.0,14,0.0
423,1031351556.0,14,2.0
424,299691268.0,14,2.0
425,857646362.0,14,2.0
426,108045600.0,14,0.0
427,267449695.0,14,0.0
428,8.652700891505418e+17,14,1.0
429,8.652700891505418e+17,14,1.0
430,43662728.0,14,2.0
431,258430354.0,14,0.0
432,602092974.0,14,2.0
433,482133423.0,14,3.0
434,715943354.0,14,2.0
435,19316226.0,14,2.0
436,80117255.0,14,2.0
437,35538459.0,14,1.0
438,1093256749.0,14,2.0
439,389359161.0,14,1.0
440,300875329.0,14,3.0
441,2388848229.0,14,3.0
442,9.56250134786003e+17,14,1.0
443,1133833939.0,14,2.0
444,15081182.0,14,0.0
445,314801916.0,14,1.0
446,210781980.0,14,2.0
447,901101350.0,14,1.0
448,2803369776.0,14,3.0
449,546928462.0,14,2.0
450,2872661847.0,14,0.0
451,863778656.0,14,0.0
452,123570035.0,14,2.0
453,997834628.0,14,1.0
454,925562760.0,14,2.0
455,2784464793.0,14,0.0
456,889456622.0,14,2.0
457,456865788.0,14,1.0
458,1.1743476960958423e+18,13,3.0
459,1.1743476960958423e+18,13,3.0
460,7.173720529660969e+17,13,3.0
461,188213257.0,13,1.0
462,70596637.0,13,2.0
463,27484203.0,13,0.0
464,810993716.0,13,2.0
465,10340482.0,13,0.0
466,8.21933283671937e+17,13,3.0
467,7.689780206903419e+17,13,2.0
468,856338638.0,13,2.0
469,106995919.0,13,2.0
470,1267982563.0,13,3.0
471,115798248.0,13,2.0
472,136263931.0,13,2.0
473,7.714260854603858e+17,13,1.0
474,1686020359.0,13,3.0
475,496523531.0,13,2.0
476,886681915.0,13,3.0
477,856148305.0,13,1.0
478,57700707.0,13,0.0
479,73013623.0,13,0.0
480,359037337.0,13,1.0
481,265085341.0,13,2.0
482,1453801898.0,13,2.0
483,1371474391.0,13,2.0
484,62519796.0,13,2.0
485,353917446.0,13,0.0
486,39086606.0,13,1.0
487,133507637.0,13,1.0
488,559465028.0,13,1.0
489,223894083.0,13,2.0
490,167760471.0,13,0.0
491,69681766.0,13,0.0
492,9.240137142228296e+17,13,3.0
493,302881437.0,13,0.0
494,314331143.0,13,2.0
495,461009582.0,13,2.0
496,17070787.0,13,0.0
497,2251602632.0,13,2.0
498,175424203.0,13,2.0
499,231209687.0,13,2.0
500,1887486780.0,13,1.0
501,325399382.0,13,2.0
502,15088481.0,13,1.0
503,169405303.0,13,2.0
504,8.301878775563837e+17,13,3.0
505,420561799.0,13,3.0
506,205360046.0,13,0.0
507,386538440.0,13,0.0
508,333609970.0,13,2.0
509,582208506.0,13,2.0
510,8.080515182429798e+17,13,0.0
511,28609576.0,13,0.0
512,2259754032.0,13,1.0
513,46926921.0,13,1.0
514,999199824.0,13,3.0
515,2828452952.0,13,1.0
516,85144671.0,13,0.0
517,3031936098.0,13,2.0
518,74024057.0,13,0.0
519,8.328030701153526e+17,13,1.0
520,8.328030701153526e+17,13,1.0
521,2825221313.0,13,2.0
522,128404685.0,13,2.0
523,41792733.0,13,2.0
524,1203688680.0,13,2.0
525,1.095724899656704e+18,13,1.0
526,16711026.0,13,0.0
527,261842406.0,13,1.0
528,412648934.0,13,0.0
529,3226709505.0,13,2.0
530,1096070666.0,13,1.0
531,289044047.0,13,2.0
532,287932099.0,13,2.0
533,3139198679.0,13,1.0
534,589688598.0,13,2.0
535,19068720.0,13,0.0
536,1615298353.0,13,2.0
537,109272922.0,13,3.0
538,459218778.0,13,2.0
539,2384779140.0,13,2.0
540,2445213588.0,13,2.0
541,14192558.0,13,0.0
542,110303171.0,13,3.0
543,4233539535.0,13,2.0
544,23193568.0,13,1.0
545,2161336309.0,13,2.0
546,21389328.0,12,1.0
547,277350433.0,12,2.0
548,620750893.0,12,2.0
549,27308199.0,12,1.0
550,3166068971.0,12,3.0
551,2813688043.0,12,2.0
552,317378810.0,12,0.0
553,2281787659.0,12,2.0
554,4159699214.0,12,2.0
555,234115363.0,12,2.0
556,1001460008.0,12,3.0
557,57497901.0,12,0.0
558,2158205240.0,12,1.0
559,579836245.0,12,2.0
560,174223715.0,12,3.0
561,135389546.0,12,3.0
562,1066586490.0,12,2.0
563,33057154.0,12,0.0
564,1.0631629450505012e+18,12,1.0
565,2395605438.0,12,3.0
566,348617209.0,12,2.0
567,1273725474.0,12,2.0
568,21383744.0,12,3.0
569,901800547.0,12,2.0
570,263688828.0,12,1.0
571,107168391.0,12,3.0
572,46101140.0,12,3.0
573,775410330.0,12,3.0
574,564963994.0,12,2.0
575,769966778.0,12,3.0
576,1106025169.0,12,3.0
577,323734252.0,12,2.0
578,62010125.0,12,3.0
579,3124753187.0,12,2.0
580,2276774694.0,12,0.0
581,2685092670.0,12,1.0
582,2313739087.0,12,2.0
583,289461078.0,12,3.0
584,156005263.0,12,1.0
585,1452439544.0,12,2.0
586,86987686.0,12,0.0
587,104684456.0,12,3.0
588,1471077301.0,12,3.0
589,4288074688.0,12,3.0
590,1296128983.0,12,2.0
591,250665962.0,12,2.0
592,775410684.0,12,3.0
593,508763145.0,12,2.0
594,892728360.0,12,2.0
595,906177602.0,12,2.0
596,85226574.0,12,0.0
597,105774191.0,12,2.0
598,469169273.0,12,2.0
599,591813757.0,12,1.0
600,625489039.0,12,3.0
601,17018005.0,12,0.0
602,17599655.0,12,1.0
603,107175080.0,12,1.0
604,1488768168.0,12,2.0
605,15463610.0,12,1.0
606,37489889.0,12,1.0
607,25838832.0,12,3.0
608,1697668345.0,12,1.0
609,569662714.0,12,1.0
610,38804737.0,12,0.0
611,14372104.0,12,1.0
612,2883024144.0,12,2.0
613,23473488.0,12,2.0
614,1022621028.0,12,2.0
615,262528377.0,12,2.0
616,2255893897.0,12,3.0
617,37477788.0,12,3.0
618,2896090545.0,12,2.0
619,532684212.0,12,3.0
620,3081803211.0,12,1.0
621,1602870768.0,12,2.0
622,8.816150564372972e+17,12,1.0
623,29130296.0,12,0.0
624,364138072.0,12,2.0
625,1561089631.0,12,2.0
626,1715582580.0,12,2.0
627,1139621516.0,12,3.0
628,244033178.0,12,3.0
629,3917258414.0,12,3.0
630,492601009.0,12,2.0
631,1024949941.0,12,2.0
632,23246523.0,12,2.0
633,81725200.0,12,0.0
634,330542924.0,12,3.0
635,44171091.0,12,0.0
636,1.0272025257395404e+18,12,1.0
637,238516153.0,12,1.0
638,30414789.0,12,3.0
639,4562644942.0,12,2.0
640,172867574.0,12,1.0
641,1256273917.0,12,2.0
642,565534774.0,11,3.0
643,31268972.0,11,3.0
644,592816251.0,11,2.0
645,7.35902647102935e+17,11,3.0
646,357511304.0,11,1.0
647,602931332.0,11,2.0
648,114432150.0,11,2.0
649,78647472.0,11,0.0
650,19671234.0,11,1.0
651,582185202.0,11,2.0
652,85760252.0,11,1.0
653,277678342.0,11,1.0
654,245901589.0,11,1.0
655,48834856.0,11,0.0
656,116564271.0,11,2.0
657,611672381.0,11,2.0
658,167379295.0,11,2.0
659,15784302.0,11,3.0
660,109554031.0,11,3.0
661,19890561.0,11,2.0
662,82901380.0,11,2.0
663,3299645832.0,11,3.0
664,342114702.0,11,2.0
665,2964584867.0,11,1.0
666,374016426.0,11,2.0
667,3313985975.0,11,1.0
668,80148955.0,11,2.0
669,63951334.0,11,3.0
670,2811748854.0,11,1.0
671,601348602.0,11,2.0
672,722698752.0,11,2.0
673,978690564.0,11,2.0
674,2374369833.0,11,1.0
675,260340277.0,11,0.0
676,25449058.0,11,2.0
677,1.186609137850798e+18,11,1.0
678,1077811844.0,11,2.0
679,379869831.0,11,0.0
680,1219791493.0,11,2.0
681,3111226033.0,11,2.0
682,52048566.0,11,3.0
683,424364758.0,11,2.0
684,1011483366.0,11,2.0
685,275481340.0,11,2.0
686,8.626998348134072e+17,11,3.0
687,868637460.0,11,1.0
688,25359130.0,11,1.0
689,3223911192.0,11,2.0
690,380525359.0,11,0.0
691,60840767.0,11,1.0
692,22653760.0,11,1.0
693,5907272.0,11,1.0
694,1631867725.0,11,2.0
695,9.199659641119334e+17,11,1.0
696,3119752091.0,11,2.0
697,815391643.0,11,2.0
698,25115551.0,11,1.0
699,252738486.0,11,0.0
700,78361556.0,11,1.0
701,13339612.0,11,0.0
702,120036324.0,11,0.0
703,4566785009.0,11,3.0
704,1.3973885644516557e+18,11,1.0
705,391134212.0,11,3.0
706,1598485519.0,11,2.0
707,226518030.0,11,2.0
708,437085205.0,11,1.0
709,32584728.0,11,0.0
710,98364447.0,11,0.0
711,1134175273.0,11,2.0
712,488623149.0,11,2.0
713,469670967.0,11,2.0
714,18365496.0,11,1.0
715,56796219.0,11,2.0
716,324852811.0,11,2.0
717,7.793104653357261e+17,11,2.0
718,1042971788.0,11,2.0
719,18513058.0,11,2.0
720,26391721.0,11,0.0
721,714407106.0,11,2.0
722,53976265.0,11,3.0
723,583900377.0,11,2.0
724,16596200.0,11,1.0
725,9.540620171569807e+17,11,1.0
726,1193291006.0,11,1.0
727,128044290.0,11,1.0
728,2542132494.0,11,1.0
729,66559251.0,11,2.0
730,436886807.0,11,0.0
731,48155963.0,11,1.0
732,438390080.0,11,1.0
733,1.0244761222709903e+18,11,1.0
734,23448938.0,11,3.0
735,420250988.0,11,2.0
736,1215735158.0,11,3.0
737,3316311421.0,11,3.0
738,1.2760573594844324e+18,11,3.0
739,8.44963975209005e+17,11,2.0
740,902507928.0,11,3.0
741,528055712.0,11,0.0
742,747361740.0,11,2.0
743,388971988.0,11,2.0
744,1561353698.0,11,1.0
745,18587157.0,11,3.0
746,146548246.0,11,1.0
747,1546542625.0,11,2.0
748,23922219.0,11,2.0
749,74229360.0,11,0.0
750,1296010872.0,11,3.0
751,1.2967654471242752e+18,11,1.0
752,8.61938310159192e+17,11,2.0
753,595611326.0,11,2.0
754,2772936385.0,11,2.0
755,1262589638.0,11,2.0
756,25265869.0,11,2.0
757,401870563.0,11,2.0
758,270057190.0,11,3.0
759,94365433.0,11,0.0
760,1547200250.0,11,0.0
761,14638851.0,11,1.0
762,294612745.0,11,1.0
763,221710101.0,11,0.0
764,43104079.0,11,3.0
765,1067591503.0,11,2.0
766,64083835.0,11,3.0
767,9.755723633318788e+17,11,3.0
768,8976262.0,11,1.0
769,2471614340.0,11,1.0
770,9.737690865375804e+17,11,2.0
771,15378358.0,11,0.0
772,427958206.0,11,0.0
773,1.2890443268158054e+18,10,1.0
774,1.2890443268158054e+18,10,1.0
775,1.1743476960958423e+18,10,3.0
776,1.1743476960958423e+18,10,3.0
777,550498316.0,10,2.0
778,191516708.0,10,2.0
779,182911027.0,10,2.0
780,120397874.0,10,2.0
781,35354684.0,10,1.0
782,33183812.0,10,2.0
783,26597472.0,10,1.0
784,3282550890.0,10,0.0
785,1.0539267496066868e+18,10,3.0
786,7.105836239724257e+17,10,3.0
787,1709660294.0,10,3.0
788,1723193484.0,10,1.0
789,1614932101.0,10,2.0
790,537344145.0,10,2.0
791,4361928854.0,10,0.0
792,240838823.0,10,0.0
793,250159277.0,10,1.0
794,109062332.0,10,1.0
795,1408264386.0,10,2.0
796,3591710966.0,10,1.0
797,8.286885179622769e+17,10,1.0
798,302412035.0,10,3.0
799,1.1529520407225385e+18,10,1.0
800,1440391434.0,10,3.0
801,121999629.0,10,3.0
802,285769987.0,10,1.0
803,335259948.0,10,3.0
804,148418872.0,10,0.0
805,802496832.0,10,3.0
806,27453762.0,10,0.0
807,238098759.0,10,3.0
808,342907214.0,10,3.0
809,1585404247.0,10,2.0
810,19263836.0,10,1.0
811,61442401.0,10,1.0
812,534731123.0,10,2.0
813,1.2503454225911112e+18,10,1.0
814,213535116.0,10,2.0
815,222527894.0,10,2.0
816,266635682.0,10,1.0
817,2959020469.0,10,2.0
818,403116484.0,10,0.0
819,48361925.0,10,1.0
820,50917833.0,10,2.0
821,16529873.0,10,1.0
822,242686426.0,10,0.0
823,1437059551.0,10,3.0
824,215683551.0,10,0.0
825,2228038122.0,10,1.0
826,341445101.0,10,2.0
827,39993846.0,10,1.0
828,52818430.0,10,2.0
829,8.695294865296753e+17,10,1.0
830,14559745.0,10,0.0
831,12726792.0,10,1.0
832,2838004262.0,10,2.0
833,1276391982.0,10,2.0
834,122782255.0,10,1.0
835,36579906.0,10,1.0
836,39930469.0,10,0.0
837,21836409.0,10,0.0
838,97636995.0,10,1.0
839,317151891.0,10,1.0
840,386241174.0,10,2.0
841,57977498.0,10,3.0
842,635024028.0,10,2.0
843,249385626.0,10,2.0
844,30257834.0,10,3.0
845,966081198.0,10,2.0
846,511937225.0,10,2.0
847,2794535639.0,10,1.0
848,285250272.0,10,2.0
849,321905389.0,10,3.0
850,24771318.0,10,1.0
851,3131243261.0,10,1.0
852,1.1601611936982876e+18,10,2.0
853,3335731978.0,10,0.0
854,383314705.0,10,3.0
855,700656410.0,10,2.0
856,264665928.0,10,1.0
857,522593098.0,10,0.0
858,15274836.0,10,0.0
859,578650970.0,10,1.0
860,93666150.0,10,0.0
861,1.2331506867049882e+18,10,1.0
862,8.490418375622287e+17,10,2.0
863,329628561.0,10,1.0
864,494656404.0,10,2.0
865,105237397.0,10,2.0
866,90577822.0,10,0.0
867,18185124.0,10,0.0
868,183536553.0,10,3.0
869,2618403776.0,10,1.0
870,84577216.0,10,2.0
871,36965318.0,10,0.0
872,1874840533.0,10,1.0
873,1475820504.0,10,2.0
874,148587486.0,10,0.0
875,14144487.0,10,1.0
876,1.2740222817994998e+18,10,3.0
877,1.0401491133445898e+18,10,3.0
878,509660165.0,10,1.0
879,395127816.0,10,2.0
880,1602008113.0,10,3.0
881,1134144572.0,10,2.0
882,302128211.0,10,3.0
883,378643551.0,10,1.0
884,869766241.0,10,1.0
885,1498985576.0,10,3.0
886,15051884.0,10,1.0
887,3022474355.0,10,3.0
888,1.2870858541507912e+18,10,3.0
889,7.14282785783976e+17,10,1.0
890,61244551.0,10,1.0
891,8.962872811826422e+17,10,2.0
892,19805321.0,10,1.0
893,459269265.0,10,0.0
894,194606227.0,10,2.0
895,49155241.0,10,1.0
896,97383592.0,10,0.0
897,105305259.0,10,0.0
898,282270906.0,10,2.0
899,288328895.0,10,3.0
900,84042973.0,10,2.0
901,16200937.0,10,2.0
902,615927039.0,10,3.0
903,717923588.0,10,2.0
904,393952524.0,10,2.0
905,606549267.0,10,1.0
906,3365844274.0,10,2.0
907,312999231.0,10,1.0
908,361864511.0,10,2.0
909,271662402.0,10,2.0
910,140137815.0,10,1.0
911,33232227.0,10,3.0
912,41702771.0,10,3.0
913,253207919.0,10,2.0
914,179848577.0,10,1.0
915,7.574053259558257e+17,10,2.0
916,9.152734896150282e+17,10,1.0
917,414266785.0,10,3.0
918,912625076.0,10,2.0
919,326665662.0,10,3.0
920,107371972.0,10,2.0
921,3092782540.0,10,3.0
922,1339856354.0,10,2.0
923,1586626033.0,10,2.0
924,1464497652.0,10,2.0
925,1090835960.0,10,2.0
926,1.083050519059415e+18,10,3.0
927,7.231912350710989e+17,10,2.0
928,21313035.0,10,2.0
929,1117091342.0,10,2.0
930,369307152.0,10,1.0
931,18087450.0,10,0.0
932,586941998.0,10,0.0
933,1457851962.0,10,1.0
934,18458170.0,10,1.0
935,2842615353.0,10,1.0
936,2349305420.0,10,2.0
937,1285791349.0,10,2.0
938,202313343.0,10,1.0
939,312698496.0,10,1.0
940,9.84636333271339e+17,10,2.0
941,771638922.0,10,2.0
942,360666774.0,10,2.0
943,16856731.0,10,1.0
944,22271644.0,10,1.0
945,2335252139.0,10,1.0
946,291806902.0,10,3.0
947,603809479.0,10,2.0
948,25458378.0,10,0.0
949,2906502863.0,10,1.0
950,1148530393.0,10,2.0
951,961246940.0,10,2.0
952,126947049.0,10,3.0
953,49413866.0,10,1.0
954,2320805611.0,10,2.0
955,388937468.0,10,1.0
956,1.1055316144597156e+18,10,1.0
957,9.94572684980818e+17,10,1.0
958,26660626.0,10,0.0
959,217460501.0,10,1.0
960,988897050.0,10,1.0
961,18743082.0,10,0.0
962,348497718.0,10,3.0
963,1287036738.0,10,2.0
964,1101547334.0,10,2.0
965,434030422.0,10,3.0
966,1762629482.0,10,1.0
967,14102386.0,10,3.0
968,3834939257.0,10,1.0
969,249608059.0,10,3.0
970,1.1051803191022632e+18,10,1.0
971,1.1036235712119848e+18,10,3.0
972,22185860.0,10,3.0
973,230692748.0,10,1.0
974,2236180393.0,10,1.0
975,632793024.0,10,3.0
976,70250435.0,10,1.0
977,3092191180.0,10,1.0
978,85043148.0,10,1.0
979,2235191251.0,10,2.0
980,2204696534.0,10,2.0
981,1883570137.0,10,3.0
982,710567898.0,10,3.0
983,357074918.0,10,2.0
984,93513713.0,10,0.0
